-- phpMyAdmin SQL Dump
-- version 5.0.2
-- https://www.phpmyadmin.net/
--
-- Host: 127.0.0.1
-- Generation Time: Dec 20, 2020 at 10:27 PM
-- Server version: 10.4.14-MariaDB
-- PHP Version: 7.4.9

SET SQL_MODE = "NO_AUTO_VALUE_ON_ZERO";
START TRANSACTION;
SET time_zone = "+00:00";


/*!40101 SET @OLD_CHARACTER_SET_CLIENT=@@CHARACTER_SET_CLIENT */;
/*!40101 SET @OLD_CHARACTER_SET_RESULTS=@@CHARACTER_SET_RESULTS */;
/*!40101 SET @OLD_COLLATION_CONNECTION=@@COLLATION_CONNECTION */;
/*!40101 SET NAMES utf8mb4 */;

--
-- Database: `kokeru`
--

-- --------------------------------------------------------

--
-- Table structure for table `bukti`
--

CREATE TABLE `bukti` (
  `id_bukti` int(11) NOT NULL,
  `id_laporan` int(11) NOT NULL,
  `nama_file` varchar(100) COLLATE utf8mb4_unicode_ci NOT NULL,
  `created_at` timestamp NOT NULL DEFAULT current_timestamp()
) ENGINE=InnoDB DEFAULT CHARSET=utf8mb4 COLLATE=utf8mb4_unicode_ci;

--
-- Dumping data for table `bukti`
--

INSERT INTO `bukti` (`id_bukti`, `id_laporan`, `nama_file`, `created_at`) VALUES
(157784, 655, '16081378390_ruang_bersih4.jpg', '2020-12-16 16:57:19'),
(157785, 659, '16081379090_ruang_bersih1.jpg', '2020-12-16 16:58:29'),
(157786, 659, '16081379091_kokeru-test.mp4', '2020-12-16 16:58:29'),
(157787, 680, '16081381570_ruang_bersih3.jpg', '2020-12-16 17:02:37'),
(157788, 680, '16081381571_ruang_bersih7.jpeg', '2020-12-16 17:02:37'),
(157789, 675, '16081382340_ruang_bersih2.jpg', '2020-12-16 17:03:54'),
(157790, 675, '16081382341_kokeru-test.mp4', '2020-12-16 17:03:54'),
(157791, 685, '16081383350_ruang_bersih5.jpg', '2020-12-16 17:05:35'),
(157792, 692, '16081384110_ruang_bersih6.jpg', '2020-12-16 17:06:51'),
(157793, 692, '16081384111_ruang_bersih7.jpeg', '2020-12-16 17:06:51'),
(157794, 692, '16081384112_ruang_bersih9.jpeg', '2020-12-16 17:06:51'),
(157795, 677, '16081384830_ruang_bersih2.jpg', '2020-12-16 17:08:03'),
(157796, 722, '16083829960_ruang_bersih1.jpg', '2020-12-19 13:03:16'),
(157797, 717, '16083830710_ruang_bersih6.jpg', '2020-12-19 13:04:31'),
(157798, 725, '16083865080_ruang_bersih10.mp4', '2020-12-19 14:01:48'),
(157799, 740, '16084778080_ruang_bersih1.jpg', '2020-12-20 15:23:28'),
(157800, 740, '16084778081_ruang_bersih10.mp4', '2020-12-20 15:23:28'),
(157801, 739, '16084778210_ruang_bersih2.jpg', '2020-12-20 15:23:41'),
(157802, 737, '16084779050_ruang_bersih5.jpg', '2020-12-20 15:25:05'),
(157803, 738, '16084779530_ruang_bersih7.jpeg', '2020-12-20 15:25:53');

--
-- Triggers `bukti`
--
DELIMITER $$
CREATE TRIGGER `updateStatus` AFTER INSERT ON `bukti` FOR EACH ROW UPDATE laporan 
SET status = 'sudah',
    updated_at = NULL
WHERE id_laporan = NEW.id_laporan
$$
DELIMITER ;

-- --------------------------------------------------------

--
-- Table structure for table `cs`
--

CREATE TABLE `cs` (
  `id_cs` int(11) NOT NULL,
  `nama` varchar(50) COLLATE utf8mb4_unicode_ci NOT NULL,
  `email` varchar(100) COLLATE utf8mb4_unicode_ci NOT NULL,
  `password` char(40) COLLATE utf8mb4_unicode_ci NOT NULL,
  `no_hp` char(14) COLLATE utf8mb4_unicode_ci DEFAULT NULL
) ENGINE=InnoDB DEFAULT CHARSET=utf8mb4 COLLATE=utf8mb4_unicode_ci;

--
-- Dumping data for table `cs`
--

INSERT INTO `cs` (`id_cs`, `nama`, `email`, `password`, `no_hp`) VALUES
(1, 'Joni Rahmat', 'jonics@gmail.com', '5dd2b02047f3c57eca6c43ba21b784d591645cb3', '084613427788'),
(2, 'Dini Riani', 'dinics@gmail.com', '07de3b01d08a376e490caa166312a16aea2dc841', '085766774654'),
(3, 'Tara Siregar', 'taracs@gmail.com', '36b10aed7613691948771c16502b759a5c14ca4d', '089824456566'),
(4, 'Tami Putri', 'tamics@gmail.com', '49622059a0ee8cb61ff436a71150253c5045e48e', '081375798894'),
(5, 'Fikri Toni', 'fikrics@gmail.com', '21696923fe8932f7f22bbb2b02e5fdc9239dc12e', '085847763493'),
(6, 'Dana Sudrajat', 'danacs@gmail.com', 'd8fda67abb839a09491d0bf27d9ed7884c24863c', '085764187235'),
(9, 'Doni Putra', 'donics@gmail.com', 'aa2874b0b24379c6a4d2334def1324865017d65e', '089744723547'),
(10, 'Asta Melvin', 'astacs@gmail.com', 'd13acc7c21492e82d2d499ced98334b78fdc2139', '087766875764'),
(11, 'Reza Dwika', 'rezacs@gmail.com', '15dc23e7fe807a4162a82891d1200bc1d24ebe68', '083544867985'),
(12, 'Arini Tika', 'arinics@gmail.com', '90577a45ee32eb19680ee439ba0be58d24acba49', '081352387955');

--
-- Triggers `cs`
--
DELIMITER $$
CREATE TRIGGER `emptyCsJadwal` BEFORE DELETE ON `cs` FOR EACH ROW UPDATE jadwal 
SET id_cs = NULL
WHERE id_cs = OLD.id_cs
$$
DELIMITER ;

-- --------------------------------------------------------

--
-- Table structure for table `jadwal`
--

CREATE TABLE `jadwal` (
  `id_jadwal` int(11) NOT NULL,
  `id_cs` int(11) DEFAULT NULL,
  `id_ruang` int(11) NOT NULL
) ENGINE=InnoDB DEFAULT CHARSET=utf8mb4 COLLATE=utf8mb4_unicode_ci;

--
-- Dumping data for table `jadwal`
--

INSERT INTO `jadwal` (`id_jadwal`, `id_cs`, `id_ruang`) VALUES
(21, 1, 1),
(22, 1, 2),
(23, 4, 3),
(24, 3, 4),
(25, 3, 5),
(26, 3, 6),
(27, 3, 7),
(28, NULL, 8),
(30, 2, 18),
(31, 2, 19),
(32, 5, 20),
(33, 5, 21),
(34, 6, 22),
(35, 9, 23),
(36, 9, 24),
(37, 10, 25),
(38, 11, 26),
(39, 11, 27),
(40, 12, 28),
(41, 12, 29);

--
-- Triggers `jadwal`
--
DELIMITER $$
CREATE TRIGGER `deleteLaporan` BEFORE DELETE ON `jadwal` FOR EACH ROW DELETE FROM laporan 
WHERE id_jadwal = OLD.id_jadwal
$$
DELIMITER ;
DELIMITER $$
CREATE TRIGGER `insertLaporan` AFTER INSERT ON `jadwal` FOR EACH ROW INSERT INTO laporan 
VALUES (NULL, NEW.id_jadwal, 'belum', NULL, NULL)
$$
DELIMITER ;

-- --------------------------------------------------------

--
-- Table structure for table `laporan`
--

CREATE TABLE `laporan` (
  `id_laporan` int(11) NOT NULL,
  `id_jadwal` int(11) NOT NULL,
  `status` char(20) COLLATE utf8mb4_unicode_ci NOT NULL DEFAULT 'belum',
  `created_at` timestamp NOT NULL DEFAULT current_timestamp(),
  `updated_at` timestamp NOT NULL DEFAULT current_timestamp() ON UPDATE current_timestamp()
) ENGINE=InnoDB DEFAULT CHARSET=utf8mb4 COLLATE=utf8mb4_unicode_ci;

--
-- Dumping data for table `laporan`
--

INSERT INTO `laporan` (`id_laporan`, `id_jadwal`, `status`, `created_at`, `updated_at`) VALUES
(55, 21, 'belum', '2020-11-15 18:00:00', '2020-11-15 18:00:00'),
(56, 22, 'belum', '2020-11-15 18:00:00', '2020-11-15 18:00:00'),
(57, 23, 'belum', '2020-11-15 18:00:00', '2020-11-15 18:00:00'),
(58, 24, 'belum', '2020-11-15 18:00:00', '2020-11-15 18:00:00'),
(59, 25, 'belum', '2020-11-15 18:00:00', '2020-11-15 18:00:00'),
(60, 26, 'belum', '2020-11-15 18:00:00', '2020-11-15 18:00:00'),
(61, 27, 'belum', '2020-11-15 18:00:00', '2020-11-15 18:00:00'),
(62, 28, 'belum', '2020-11-15 18:00:00', '2020-11-15 18:00:00'),
(63, 30, 'belum', '2020-11-15 18:00:00', '2020-11-15 18:00:00'),
(64, 31, 'belum', '2020-11-15 18:00:00', '2020-11-15 18:00:00'),
(65, 32, 'belum', '2020-11-15 18:00:00', '2020-11-15 18:00:00'),
(66, 33, 'belum', '2020-11-15 18:00:00', '2020-11-15 18:00:00'),
(67, 34, 'belum', '2020-11-15 18:00:00', '2020-11-15 18:00:00'),
(68, 35, 'belum', '2020-11-15 18:00:00', '2020-11-15 18:00:00'),
(69, 36, 'belum', '2020-11-15 18:00:00', '2020-11-15 18:00:00'),
(70, 37, 'belum', '2020-11-15 18:00:00', '2020-11-15 18:00:00'),
(71, 38, 'belum', '2020-11-15 18:00:00', '2020-11-15 18:00:00'),
(72, 39, 'belum', '2020-11-15 18:00:00', '2020-11-15 18:00:00'),
(73, 40, 'belum', '2020-11-15 18:00:00', '2020-11-15 18:00:00'),
(74, 41, 'belum', '2020-11-15 18:00:00', '2020-11-15 18:00:00'),
(75, 21, 'belum', '2020-11-16 18:00:00', '2020-11-16 18:00:00'),
(76, 22, 'belum', '2020-11-16 18:00:00', '2020-11-16 18:00:00'),
(77, 23, 'belum', '2020-11-16 18:00:00', '2020-11-16 18:00:00'),
(78, 24, 'belum', '2020-11-16 18:00:00', '2020-11-16 18:00:00'),
(79, 25, 'belum', '2020-11-16 18:00:00', '2020-11-16 18:00:00'),
(80, 26, 'belum', '2020-11-16 18:00:00', '2020-11-16 18:00:00'),
(81, 27, 'belum', '2020-11-16 18:00:00', '2020-11-16 18:00:00'),
(82, 28, 'belum', '2020-11-16 18:00:00', '2020-11-16 18:00:00'),
(83, 30, 'belum', '2020-11-16 18:00:00', '2020-11-16 18:00:00'),
(84, 31, 'belum', '2020-11-16 18:00:00', '2020-11-16 18:00:00'),
(85, 32, 'belum', '2020-11-16 18:00:00', '2020-11-16 18:00:00'),
(86, 33, 'belum', '2020-11-16 18:00:00', '2020-11-16 18:00:00'),
(87, 34, 'belum', '2020-11-16 18:00:00', '2020-11-16 18:00:00'),
(88, 35, 'belum', '2020-11-16 18:00:00', '2020-11-16 18:00:00'),
(89, 36, 'belum', '2020-11-16 18:00:00', '2020-11-16 18:00:00'),
(90, 37, 'belum', '2020-11-16 18:00:00', '2020-11-16 18:00:00'),
(91, 38, 'belum', '2020-11-16 18:00:00', '2020-11-16 18:00:00'),
(92, 39, 'belum', '2020-11-16 18:00:00', '2020-11-16 18:00:00'),
(93, 40, 'belum', '2020-11-16 18:00:00', '2020-11-16 18:00:00'),
(94, 41, 'belum', '2020-11-16 18:00:00', '2020-11-16 18:00:00'),
(95, 21, 'belum', '2020-11-17 18:00:00', '2020-11-17 18:00:00'),
(96, 22, 'belum', '2020-11-17 18:00:00', '2020-11-17 18:00:00'),
(97, 23, 'belum', '2020-11-17 18:00:00', '2020-11-17 18:00:00'),
(98, 24, 'belum', '2020-11-17 18:00:00', '2020-11-17 18:00:00'),
(99, 25, 'belum', '2020-11-17 18:00:00', '2020-11-17 18:00:00'),
(100, 26, 'belum', '2020-11-17 18:00:00', '2020-11-17 18:00:00'),
(101, 27, 'belum', '2020-11-17 18:00:00', '2020-11-17 18:00:00'),
(102, 28, 'belum', '2020-11-17 18:00:00', '2020-11-17 18:00:00'),
(103, 30, 'belum', '2020-11-17 18:00:00', '2020-11-17 18:00:00'),
(104, 31, 'belum', '2020-11-17 18:00:00', '2020-11-17 18:00:00'),
(105, 32, 'belum', '2020-11-17 18:00:00', '2020-11-17 18:00:00'),
(106, 33, 'belum', '2020-11-17 18:00:00', '2020-11-17 18:00:00'),
(107, 34, 'belum', '2020-11-17 18:00:00', '2020-11-17 18:00:00'),
(108, 35, 'belum', '2020-11-17 18:00:00', '2020-11-17 18:00:00'),
(109, 36, 'belum', '2020-11-17 18:00:00', '2020-11-17 18:00:00'),
(110, 37, 'belum', '2020-11-17 18:00:00', '2020-11-17 18:00:00'),
(111, 38, 'belum', '2020-11-17 18:00:00', '2020-11-17 18:00:00'),
(112, 39, 'belum', '2020-11-17 18:00:00', '2020-11-17 18:00:00'),
(113, 40, 'belum', '2020-11-17 18:00:00', '2020-11-17 18:00:00'),
(114, 41, 'belum', '2020-11-17 18:00:00', '2020-11-17 18:00:00'),
(115, 21, 'belum', '2020-11-18 18:00:00', '2020-11-18 18:00:00'),
(116, 22, 'belum', '2020-11-18 18:00:00', '2020-11-18 18:00:00'),
(117, 23, 'belum', '2020-11-18 18:00:00', '2020-11-18 18:00:00'),
(118, 24, 'belum', '2020-11-18 18:00:00', '2020-11-18 18:00:00'),
(119, 25, 'belum', '2020-11-18 18:00:00', '2020-11-18 18:00:00'),
(120, 26, 'belum', '2020-11-18 18:00:00', '2020-11-18 18:00:00'),
(121, 27, 'belum', '2020-11-18 18:00:00', '2020-11-18 18:00:00'),
(122, 28, 'belum', '2020-11-18 18:00:00', '2020-11-18 18:00:00'),
(123, 30, 'belum', '2020-11-18 18:00:00', '2020-11-18 18:00:00'),
(124, 31, 'belum', '2020-11-18 18:00:00', '2020-11-18 18:00:00'),
(125, 32, 'belum', '2020-11-18 18:00:00', '2020-11-18 18:00:00'),
(126, 33, 'belum', '2020-11-18 18:00:00', '2020-11-18 18:00:00'),
(127, 34, 'belum', '2020-11-18 18:00:00', '2020-11-18 18:00:00'),
(128, 35, 'belum', '2020-11-18 18:00:00', '2020-11-18 18:00:00'),
(129, 36, 'belum', '2020-11-18 18:00:00', '2020-11-18 18:00:00'),
(130, 37, 'belum', '2020-11-18 18:00:00', '2020-11-18 18:00:00'),
(131, 38, 'belum', '2020-11-18 18:00:00', '2020-11-18 18:00:00'),
(132, 39, 'belum', '2020-11-18 18:00:00', '2020-11-18 18:00:00'),
(133, 40, 'belum', '2020-11-18 18:00:00', '2020-11-18 18:00:00'),
(134, 41, 'belum', '2020-11-18 18:00:00', '2020-11-18 18:00:00'),
(135, 21, 'belum', '2020-11-19 18:00:00', '2020-11-19 18:00:00'),
(136, 22, 'belum', '2020-11-19 18:00:00', '2020-11-19 18:00:00'),
(137, 23, 'belum', '2020-11-19 18:00:00', '2020-11-19 18:00:00'),
(138, 24, 'belum', '2020-11-19 18:00:00', '2020-11-19 18:00:00'),
(139, 25, 'belum', '2020-11-19 18:00:00', '2020-11-19 18:00:00'),
(140, 26, 'belum', '2020-11-19 18:00:00', '2020-11-19 18:00:00'),
(141, 27, 'belum', '2020-11-19 18:00:00', '2020-11-19 18:00:00'),
(142, 28, 'belum', '2020-11-19 18:00:00', '2020-11-19 18:00:00'),
(143, 30, 'belum', '2020-11-19 18:00:00', '2020-11-19 18:00:00'),
(144, 31, 'belum', '2020-11-19 18:00:00', '2020-11-19 18:00:00'),
(145, 32, 'belum', '2020-11-19 18:00:00', '2020-11-19 18:00:00'),
(146, 33, 'belum', '2020-11-19 18:00:00', '2020-11-19 18:00:00'),
(147, 34, 'belum', '2020-11-19 18:00:00', '2020-11-19 18:00:00'),
(148, 35, 'belum', '2020-11-19 18:00:00', '2020-11-19 18:00:00'),
(149, 36, 'belum', '2020-11-19 18:00:00', '2020-11-19 18:00:00'),
(150, 37, 'belum', '2020-11-19 18:00:00', '2020-11-19 18:00:00'),
(151, 38, 'belum', '2020-11-19 18:00:00', '2020-11-19 18:00:00'),
(152, 39, 'belum', '2020-11-19 18:00:00', '2020-11-19 18:00:00'),
(153, 40, 'belum', '2020-11-19 18:00:00', '2020-11-19 18:00:00'),
(154, 41, 'belum', '2020-11-19 18:00:00', '2020-11-19 18:00:00'),
(155, 21, 'belum', '2020-11-20 18:00:00', '2020-11-20 18:00:00'),
(156, 22, 'belum', '2020-11-20 18:00:00', '2020-11-20 18:00:00'),
(157, 23, 'belum', '2020-11-20 18:00:00', '2020-11-20 18:00:00'),
(158, 24, 'belum', '2020-11-20 18:00:00', '2020-11-20 18:00:00'),
(159, 25, 'belum', '2020-11-20 18:00:00', '2020-11-20 18:00:00'),
(160, 26, 'belum', '2020-11-20 18:00:00', '2020-11-20 18:00:00'),
(161, 27, 'belum', '2020-11-20 18:00:00', '2020-11-20 18:00:00'),
(162, 28, 'belum', '2020-11-20 18:00:00', '2020-11-20 18:00:00'),
(163, 30, 'belum', '2020-11-20 18:00:00', '2020-11-20 18:00:00'),
(164, 31, 'belum', '2020-11-20 18:00:00', '2020-11-20 18:00:00'),
(165, 32, 'belum', '2020-11-20 18:00:00', '2020-11-20 18:00:00'),
(166, 33, 'belum', '2020-11-20 18:00:00', '2020-11-20 18:00:00'),
(167, 34, 'belum', '2020-11-20 18:00:00', '2020-11-20 18:00:00'),
(168, 35, 'belum', '2020-11-20 18:00:00', '2020-11-20 18:00:00'),
(169, 36, 'belum', '2020-11-20 18:00:00', '2020-11-20 18:00:00'),
(170, 37, 'belum', '2020-11-20 18:00:00', '2020-11-20 18:00:00'),
(171, 38, 'belum', '2020-11-20 18:00:00', '2020-11-20 18:00:00'),
(172, 39, 'belum', '2020-11-20 18:00:00', '2020-11-20 18:00:00'),
(173, 40, 'belum', '2020-11-20 18:00:00', '2020-11-20 18:00:00'),
(174, 41, 'belum', '2020-11-20 18:00:00', '2020-11-20 18:00:00'),
(175, 21, 'belum', '2020-11-21 18:00:00', '2020-11-21 18:00:00'),
(176, 22, 'belum', '2020-11-21 18:00:00', '2020-11-21 18:00:00'),
(177, 23, 'belum', '2020-11-21 18:00:00', '2020-11-21 18:00:00'),
(178, 24, 'belum', '2020-11-21 18:00:00', '2020-11-21 18:00:00'),
(179, 25, 'belum', '2020-11-21 18:00:00', '2020-11-21 18:00:00'),
(180, 26, 'belum', '2020-11-21 18:00:00', '2020-11-21 18:00:00'),
(181, 27, 'belum', '2020-11-21 18:00:00', '2020-11-21 18:00:00'),
(182, 28, 'belum', '2020-11-21 18:00:00', '2020-11-21 18:00:00'),
(183, 30, 'belum', '2020-11-21 18:00:00', '2020-11-21 18:00:00'),
(184, 31, 'belum', '2020-11-21 18:00:00', '2020-11-21 18:00:00'),
(185, 32, 'belum', '2020-11-21 18:00:00', '2020-11-21 18:00:00'),
(186, 33, 'belum', '2020-11-21 18:00:00', '2020-11-21 18:00:00'),
(187, 34, 'belum', '2020-11-21 18:00:00', '2020-11-21 18:00:00'),
(188, 35, 'belum', '2020-11-21 18:00:00', '2020-11-21 18:00:00'),
(189, 36, 'belum', '2020-11-21 18:00:00', '2020-11-21 18:00:00'),
(190, 37, 'belum', '2020-11-21 18:00:00', '2020-11-21 18:00:00'),
(191, 38, 'belum', '2020-11-21 18:00:00', '2020-11-21 18:00:00'),
(192, 39, 'belum', '2020-11-21 18:00:00', '2020-11-21 18:00:00'),
(193, 40, 'belum', '2020-11-21 18:00:00', '2020-11-21 18:00:00'),
(194, 41, 'belum', '2020-11-21 18:00:00', '2020-11-21 18:00:00'),
(195, 21, 'belum', '2020-11-22 18:00:00', '2020-11-22 18:00:00'),
(196, 22, 'belum', '2020-11-22 18:00:00', '2020-11-22 18:00:00'),
(197, 23, 'belum', '2020-11-22 18:00:00', '2020-11-22 18:00:00'),
(198, 24, 'belum', '2020-11-22 18:00:00', '2020-11-22 18:00:00'),
(199, 25, 'belum', '2020-11-22 18:00:00', '2020-11-22 18:00:00'),
(200, 26, 'belum', '2020-11-22 18:00:00', '2020-11-22 18:00:00'),
(201, 27, 'belum', '2020-11-22 18:00:00', '2020-11-22 18:00:00'),
(202, 28, 'belum', '2020-11-22 18:00:00', '2020-11-22 18:00:00'),
(203, 30, 'belum', '2020-11-22 18:00:00', '2020-11-22 18:00:00'),
(204, 31, 'belum', '2020-11-22 18:00:00', '2020-11-22 18:00:00'),
(205, 32, 'belum', '2020-11-22 18:00:00', '2020-11-22 18:00:00'),
(206, 33, 'belum', '2020-11-22 18:00:00', '2020-11-22 18:00:00'),
(207, 34, 'belum', '2020-11-22 18:00:00', '2020-11-22 18:00:00'),
(208, 35, 'belum', '2020-11-22 18:00:00', '2020-11-22 18:00:00'),
(209, 36, 'belum', '2020-11-22 18:00:00', '2020-11-22 18:00:00'),
(210, 37, 'belum', '2020-11-22 18:00:00', '2020-11-22 18:00:00'),
(211, 38, 'belum', '2020-11-22 18:00:00', '2020-11-22 18:00:00'),
(212, 39, 'belum', '2020-11-22 18:00:00', '2020-11-22 18:00:00'),
(213, 40, 'belum', '2020-11-22 18:00:00', '2020-11-22 18:00:00'),
(214, 41, 'belum', '2020-11-22 18:00:00', '2020-11-22 18:00:00'),
(215, 21, 'belum', '2020-11-23 18:00:00', '2020-11-23 18:00:00'),
(216, 22, 'belum', '2020-11-23 18:00:00', '2020-11-23 18:00:00'),
(217, 23, 'belum', '2020-11-23 18:00:00', '2020-11-23 18:00:00'),
(218, 24, 'belum', '2020-11-23 18:00:00', '2020-11-23 18:00:00'),
(219, 25, 'belum', '2020-11-23 18:00:00', '2020-11-23 18:00:00'),
(220, 26, 'belum', '2020-11-23 18:00:00', '2020-11-23 18:00:00'),
(221, 27, 'belum', '2020-11-23 18:00:00', '2020-11-23 18:00:00'),
(222, 28, 'belum', '2020-11-23 18:00:00', '2020-11-23 18:00:00'),
(223, 30, 'belum', '2020-11-23 18:00:00', '2020-11-23 18:00:00'),
(224, 31, 'belum', '2020-11-23 18:00:00', '2020-11-23 18:00:00'),
(225, 32, 'belum', '2020-11-23 18:00:00', '2020-11-23 18:00:00'),
(226, 33, 'belum', '2020-11-23 18:00:00', '2020-11-23 18:00:00'),
(227, 34, 'belum', '2020-11-23 18:00:00', '2020-11-23 18:00:00'),
(228, 35, 'belum', '2020-11-23 18:00:00', '2020-11-23 18:00:00'),
(229, 36, 'belum', '2020-11-23 18:00:00', '2020-11-23 18:00:00'),
(230, 37, 'belum', '2020-11-23 18:00:00', '2020-11-23 18:00:00'),
(231, 38, 'belum', '2020-11-23 18:00:00', '2020-11-23 18:00:00'),
(232, 39, 'belum', '2020-11-23 18:00:00', '2020-11-23 18:00:00'),
(233, 40, 'belum', '2020-11-23 18:00:00', '2020-11-23 18:00:00'),
(234, 41, 'belum', '2020-11-23 18:00:00', '2020-11-23 18:00:00'),
(235, 21, 'belum', '2020-11-24 18:00:00', '2020-11-24 18:00:00'),
(236, 22, 'belum', '2020-11-24 18:00:00', '2020-11-24 18:00:00'),
(237, 23, 'belum', '2020-11-24 18:00:00', '2020-11-24 18:00:00'),
(238, 24, 'belum', '2020-11-24 18:00:00', '2020-11-24 18:00:00'),
(239, 25, 'belum', '2020-11-24 18:00:00', '2020-11-24 18:00:00'),
(240, 26, 'belum', '2020-11-24 18:00:00', '2020-11-24 18:00:00'),
(241, 27, 'belum', '2020-11-24 18:00:00', '2020-11-24 18:00:00'),
(242, 28, 'belum', '2020-11-24 18:00:00', '2020-11-24 18:00:00'),
(243, 30, 'belum', '2020-11-24 18:00:00', '2020-11-24 18:00:00'),
(244, 31, 'belum', '2020-11-24 18:00:00', '2020-11-24 18:00:00'),
(245, 32, 'belum', '2020-11-24 18:00:00', '2020-11-24 18:00:00'),
(246, 33, 'belum', '2020-11-24 18:00:00', '2020-11-24 18:00:00'),
(247, 34, 'belum', '2020-11-24 18:00:00', '2020-11-24 18:00:00'),
(248, 35, 'belum', '2020-11-24 18:00:00', '2020-11-24 18:00:00'),
(249, 36, 'belum', '2020-11-24 18:00:00', '2020-11-24 18:00:00'),
(250, 37, 'belum', '2020-11-24 18:00:00', '2020-11-24 18:00:00'),
(251, 38, 'belum', '2020-11-24 18:00:00', '2020-11-24 18:00:00'),
(252, 39, 'belum', '2020-11-24 18:00:00', '2020-11-24 18:00:00'),
(253, 40, 'belum', '2020-11-24 18:00:00', '2020-11-24 18:00:00'),
(254, 41, 'belum', '2020-11-24 18:00:00', '2020-11-24 18:00:00'),
(255, 21, 'belum', '2020-11-25 18:00:00', '2020-11-25 18:00:00'),
(256, 22, 'belum', '2020-11-25 18:00:00', '2020-11-25 18:00:00'),
(257, 23, 'belum', '2020-11-25 18:00:00', '2020-11-25 18:00:00'),
(258, 24, 'belum', '2020-11-25 18:00:00', '2020-11-25 18:00:00'),
(259, 25, 'belum', '2020-11-25 18:00:00', '2020-11-25 18:00:00'),
(260, 26, 'belum', '2020-11-25 18:00:00', '2020-11-25 18:00:00'),
(261, 27, 'belum', '2020-11-25 18:00:00', '2020-11-25 18:00:00'),
(262, 28, 'belum', '2020-11-25 18:00:00', '2020-11-25 18:00:00'),
(263, 30, 'belum', '2020-11-25 18:00:00', '2020-11-25 18:00:00'),
(264, 31, 'belum', '2020-11-25 18:00:00', '2020-11-25 18:00:00'),
(265, 32, 'belum', '2020-11-25 18:00:00', '2020-11-25 18:00:00'),
(266, 33, 'belum', '2020-11-25 18:00:00', '2020-11-25 18:00:00'),
(267, 34, 'belum', '2020-11-25 18:00:00', '2020-11-25 18:00:00'),
(268, 35, 'belum', '2020-11-25 18:00:00', '2020-11-25 18:00:00'),
(269, 36, 'belum', '2020-11-25 18:00:00', '2020-11-25 18:00:00'),
(270, 37, 'belum', '2020-11-25 18:00:00', '2020-11-25 18:00:00'),
(271, 38, 'belum', '2020-11-25 18:00:00', '2020-11-25 18:00:00'),
(272, 39, 'belum', '2020-11-25 18:00:00', '2020-11-25 18:00:00'),
(273, 40, 'belum', '2020-11-25 18:00:00', '2020-11-25 18:00:00'),
(274, 41, 'belum', '2020-11-25 18:00:00', '2020-11-25 18:00:00'),
(275, 21, 'belum', '2020-11-26 18:00:00', '2020-11-26 18:00:00'),
(276, 22, 'belum', '2020-11-26 18:00:00', '2020-11-26 18:00:00'),
(277, 23, 'belum', '2020-11-26 18:00:00', '2020-11-26 18:00:00'),
(278, 24, 'belum', '2020-11-26 18:00:00', '2020-11-26 18:00:00'),
(279, 25, 'belum', '2020-11-26 18:00:00', '2020-11-26 18:00:00'),
(280, 26, 'belum', '2020-11-26 18:00:00', '2020-11-26 18:00:00'),
(281, 27, 'belum', '2020-11-26 18:00:00', '2020-11-26 18:00:00'),
(282, 28, 'belum', '2020-11-26 18:00:00', '2020-11-26 18:00:00'),
(283, 30, 'belum', '2020-11-26 18:00:00', '2020-11-26 18:00:00'),
(284, 31, 'belum', '2020-11-26 18:00:00', '2020-11-26 18:00:00'),
(285, 32, 'belum', '2020-11-26 18:00:00', '2020-11-26 18:00:00'),
(286, 33, 'belum', '2020-11-26 18:00:00', '2020-11-26 18:00:00'),
(287, 34, 'belum', '2020-11-26 18:00:00', '2020-11-26 18:00:00'),
(288, 35, 'belum', '2020-11-26 18:00:00', '2020-11-26 18:00:00'),
(289, 36, 'belum', '2020-11-26 18:00:00', '2020-11-26 18:00:00'),
(290, 37, 'belum', '2020-11-26 18:00:00', '2020-11-26 18:00:00'),
(291, 38, 'belum', '2020-11-26 18:00:00', '2020-11-26 18:00:00'),
(292, 39, 'belum', '2020-11-26 18:00:00', '2020-11-26 18:00:00'),
(293, 40, 'belum', '2020-11-26 18:00:00', '2020-11-26 18:00:00'),
(294, 41, 'belum', '2020-11-26 18:00:00', '2020-11-26 18:00:00'),
(295, 21, 'belum', '2020-11-27 18:00:00', '2020-11-27 18:00:00'),
(296, 22, 'belum', '2020-11-27 18:00:00', '2020-11-27 18:00:00'),
(297, 23, 'belum', '2020-11-27 18:00:00', '2020-11-27 18:00:00'),
(298, 24, 'belum', '2020-11-27 18:00:00', '2020-11-27 18:00:00'),
(299, 25, 'belum', '2020-11-27 18:00:00', '2020-11-27 18:00:00'),
(300, 26, 'belum', '2020-11-27 18:00:00', '2020-11-27 18:00:00'),
(301, 27, 'belum', '2020-11-27 18:00:00', '2020-11-27 18:00:00'),
(302, 28, 'belum', '2020-11-27 18:00:00', '2020-11-27 18:00:00'),
(303, 30, 'belum', '2020-11-27 18:00:00', '2020-11-27 18:00:00'),
(304, 31, 'belum', '2020-11-27 18:00:00', '2020-11-27 18:00:00'),
(305, 32, 'belum', '2020-11-27 18:00:00', '2020-11-27 18:00:00'),
(306, 33, 'belum', '2020-11-27 18:00:00', '2020-11-27 18:00:00'),
(307, 34, 'belum', '2020-11-27 18:00:00', '2020-11-27 18:00:00'),
(308, 35, 'belum', '2020-11-27 18:00:00', '2020-11-27 18:00:00'),
(309, 36, 'belum', '2020-11-27 18:00:00', '2020-11-27 18:00:00'),
(310, 37, 'belum', '2020-11-27 18:00:00', '2020-11-27 18:00:00'),
(311, 38, 'belum', '2020-11-27 18:00:00', '2020-11-27 18:00:00'),
(312, 39, 'belum', '2020-11-27 18:00:00', '2020-11-27 18:00:00'),
(313, 40, 'belum', '2020-11-27 18:00:00', '2020-11-27 18:00:00'),
(314, 41, 'belum', '2020-11-27 18:00:00', '2020-11-27 18:00:00'),
(315, 21, 'belum', '2020-11-28 18:00:00', '2020-11-28 18:00:00'),
(316, 22, 'belum', '2020-11-28 18:00:00', '2020-11-28 18:00:00'),
(317, 23, 'belum', '2020-11-28 18:00:00', '2020-11-28 18:00:00'),
(318, 24, 'belum', '2020-11-28 18:00:00', '2020-11-28 18:00:00'),
(319, 25, 'belum', '2020-11-28 18:00:00', '2020-11-28 18:00:00'),
(320, 26, 'belum', '2020-11-28 18:00:00', '2020-11-28 18:00:00'),
(321, 27, 'belum', '2020-11-28 18:00:00', '2020-11-28 18:00:00'),
(322, 28, 'belum', '2020-11-28 18:00:00', '2020-11-28 18:00:00'),
(323, 30, 'belum', '2020-11-28 18:00:00', '2020-11-28 18:00:00'),
(324, 31, 'belum', '2020-11-28 18:00:00', '2020-11-28 18:00:00'),
(325, 32, 'belum', '2020-11-28 18:00:00', '2020-11-28 18:00:00'),
(326, 33, 'belum', '2020-11-28 18:00:00', '2020-11-28 18:00:00'),
(327, 34, 'belum', '2020-11-28 18:00:00', '2020-11-28 18:00:00'),
(328, 35, 'belum', '2020-11-28 18:00:00', '2020-11-28 18:00:00'),
(329, 36, 'belum', '2020-11-28 18:00:00', '2020-11-28 18:00:00'),
(330, 37, 'belum', '2020-11-28 18:00:00', '2020-11-28 18:00:00'),
(331, 38, 'belum', '2020-11-28 18:00:00', '2020-11-28 18:00:00'),
(332, 39, 'belum', '2020-11-28 18:00:00', '2020-11-28 18:00:00'),
(333, 40, 'belum', '2020-11-28 18:00:00', '2020-11-28 18:00:00'),
(334, 41, 'belum', '2020-11-28 18:00:00', '2020-11-28 18:00:00'),
(335, 21, 'belum', '2020-11-29 18:00:00', '2020-11-29 18:00:00'),
(336, 22, 'belum', '2020-11-29 18:00:00', '2020-11-29 18:00:00'),
(337, 23, 'belum', '2020-11-29 18:00:00', '2020-11-29 18:00:00'),
(338, 24, 'belum', '2020-11-29 18:00:00', '2020-11-29 18:00:00'),
(339, 25, 'belum', '2020-11-29 18:00:00', '2020-11-29 18:00:00'),
(340, 26, 'belum', '2020-11-29 18:00:00', '2020-11-29 18:00:00'),
(341, 27, 'belum', '2020-11-29 18:00:00', '2020-11-29 18:00:00'),
(342, 28, 'belum', '2020-11-29 18:00:00', '2020-11-29 18:00:00'),
(343, 30, 'belum', '2020-11-29 18:00:00', '2020-11-29 18:00:00'),
(344, 31, 'belum', '2020-11-29 18:00:00', '2020-11-29 18:00:00'),
(345, 32, 'belum', '2020-11-29 18:00:00', '2020-11-29 18:00:00'),
(346, 33, 'belum', '2020-11-29 18:00:00', '2020-11-29 18:00:00'),
(347, 34, 'belum', '2020-11-29 18:00:00', '2020-11-29 18:00:00'),
(348, 35, 'belum', '2020-11-29 18:00:00', '2020-11-29 18:00:00'),
(349, 36, 'belum', '2020-11-29 18:00:00', '2020-11-29 18:00:00'),
(350, 37, 'belum', '2020-11-29 18:00:00', '2020-11-29 18:00:00'),
(351, 38, 'belum', '2020-11-29 18:00:00', '2020-11-29 18:00:00'),
(352, 39, 'belum', '2020-11-29 18:00:00', '2020-11-29 18:00:00'),
(353, 40, 'belum', '2020-11-29 18:00:00', '2020-11-29 18:00:00'),
(354, 41, 'belum', '2020-11-29 18:00:00', '2020-11-29 18:00:00'),
(355, 21, 'belum', '2020-11-30 18:00:00', '2020-11-30 18:00:00'),
(356, 22, 'belum', '2020-11-30 18:00:00', '2020-11-30 18:00:00'),
(357, 23, 'belum', '2020-11-30 18:00:00', '2020-11-30 18:00:00'),
(358, 24, 'belum', '2020-11-30 18:00:00', '2020-11-30 18:00:00'),
(359, 25, 'belum', '2020-11-30 18:00:00', '2020-11-30 18:00:00'),
(360, 26, 'belum', '2020-11-30 18:00:00', '2020-11-30 18:00:00'),
(361, 27, 'belum', '2020-11-30 18:00:00', '2020-11-30 18:00:00'),
(362, 28, 'belum', '2020-11-30 18:00:00', '2020-11-30 18:00:00'),
(363, 30, 'belum', '2020-11-30 18:00:00', '2020-11-30 18:00:00'),
(364, 31, 'belum', '2020-11-30 18:00:00', '2020-11-30 18:00:00'),
(365, 32, 'belum', '2020-11-30 18:00:00', '2020-11-30 18:00:00'),
(366, 33, 'belum', '2020-11-30 18:00:00', '2020-11-30 18:00:00'),
(367, 34, 'belum', '2020-11-30 18:00:00', '2020-11-30 18:00:00'),
(368, 35, 'belum', '2020-11-30 18:00:00', '2020-11-30 18:00:00'),
(369, 36, 'belum', '2020-11-30 18:00:00', '2020-11-30 18:00:00'),
(370, 37, 'belum', '2020-11-30 18:00:00', '2020-11-30 18:00:00'),
(371, 38, 'belum', '2020-11-30 18:00:00', '2020-11-30 18:00:00'),
(372, 39, 'belum', '2020-11-30 18:00:00', '2020-11-30 18:00:00'),
(373, 40, 'belum', '2020-11-30 18:00:00', '2020-11-30 18:00:00'),
(374, 41, 'belum', '2020-11-30 18:00:00', '2020-11-30 18:00:00'),
(375, 21, 'belum', '2020-12-01 18:00:00', '2020-12-01 18:00:00'),
(376, 22, 'belum', '2020-12-01 18:00:00', '2020-12-01 18:00:00'),
(377, 23, 'belum', '2020-12-01 18:00:00', '2020-12-01 18:00:00'),
(378, 24, 'belum', '2020-12-01 18:00:00', '2020-12-01 18:00:00'),
(379, 25, 'belum', '2020-12-01 18:00:00', '2020-12-01 18:00:00'),
(380, 26, 'belum', '2020-12-01 18:00:00', '2020-12-01 18:00:00'),
(381, 27, 'belum', '2020-12-01 18:00:00', '2020-12-01 18:00:00'),
(382, 28, 'belum', '2020-12-01 18:00:00', '2020-12-01 18:00:00'),
(383, 30, 'belum', '2020-12-01 18:00:00', '2020-12-01 18:00:00'),
(384, 31, 'belum', '2020-12-01 18:00:00', '2020-12-01 18:00:00'),
(385, 32, 'belum', '2020-12-01 18:00:00', '2020-12-01 18:00:00'),
(386, 33, 'belum', '2020-12-01 18:00:00', '2020-12-01 18:00:00'),
(387, 34, 'belum', '2020-12-01 18:00:00', '2020-12-01 18:00:00'),
(388, 35, 'belum', '2020-12-01 18:00:00', '2020-12-01 18:00:00'),
(389, 36, 'belum', '2020-12-01 18:00:00', '2020-12-01 18:00:00'),
(390, 37, 'belum', '2020-12-01 18:00:00', '2020-12-01 18:00:00'),
(391, 38, 'belum', '2020-12-01 18:00:00', '2020-12-01 18:00:00'),
(392, 39, 'belum', '2020-12-01 18:00:00', '2020-12-01 18:00:00'),
(393, 40, 'belum', '2020-12-01 18:00:00', '2020-12-01 18:00:00'),
(394, 41, 'belum', '2020-12-01 18:00:00', '2020-12-01 18:00:00'),
(395, 21, 'belum', '2020-12-02 18:00:00', '2020-12-02 18:00:00'),
(396, 22, 'belum', '2020-12-02 18:00:00', '2020-12-02 18:00:00'),
(397, 23, 'belum', '2020-12-02 18:00:00', '2020-12-02 18:00:00'),
(398, 24, 'belum', '2020-12-02 18:00:00', '2020-12-02 18:00:00'),
(399, 25, 'belum', '2020-12-02 18:00:00', '2020-12-02 18:00:00'),
(400, 26, 'belum', '2020-12-02 18:00:00', '2020-12-02 18:00:00'),
(401, 27, 'belum', '2020-12-02 18:00:00', '2020-12-02 18:00:00'),
(402, 28, 'belum', '2020-12-02 18:00:00', '2020-12-02 18:00:00'),
(403, 30, 'belum', '2020-12-02 18:00:00', '2020-12-02 18:00:00'),
(404, 31, 'belum', '2020-12-02 18:00:00', '2020-12-02 18:00:00'),
(405, 32, 'belum', '2020-12-02 18:00:00', '2020-12-02 18:00:00'),
(406, 33, 'belum', '2020-12-02 18:00:00', '2020-12-02 18:00:00'),
(407, 34, 'belum', '2020-12-02 18:00:00', '2020-12-02 18:00:00'),
(408, 35, 'belum', '2020-12-02 18:00:00', '2020-12-02 18:00:00'),
(409, 36, 'belum', '2020-12-02 18:00:00', '2020-12-02 18:00:00'),
(410, 37, 'belum', '2020-12-02 18:00:00', '2020-12-02 18:00:00'),
(411, 38, 'belum', '2020-12-02 18:00:00', '2020-12-02 18:00:00'),
(412, 39, 'belum', '2020-12-02 18:00:00', '2020-12-02 18:00:00'),
(413, 40, 'belum', '2020-12-02 18:00:00', '2020-12-02 18:00:00'),
(414, 41, 'belum', '2020-12-02 18:00:00', '2020-12-02 18:00:00'),
(415, 21, 'belum', '2020-12-03 18:00:00', '2020-12-03 18:00:00'),
(416, 22, 'belum', '2020-12-03 18:00:00', '2020-12-03 18:00:00'),
(417, 23, 'belum', '2020-12-03 18:00:00', '2020-12-03 18:00:00'),
(418, 24, 'belum', '2020-12-03 18:00:00', '2020-12-03 18:00:00'),
(419, 25, 'belum', '2020-12-03 18:00:00', '2020-12-03 18:00:00'),
(420, 26, 'belum', '2020-12-03 18:00:00', '2020-12-03 18:00:00'),
(421, 27, 'belum', '2020-12-03 18:00:00', '2020-12-03 18:00:00'),
(422, 28, 'belum', '2020-12-03 18:00:00', '2020-12-03 18:00:00'),
(423, 30, 'belum', '2020-12-03 18:00:00', '2020-12-03 18:00:00'),
(424, 31, 'belum', '2020-12-03 18:00:00', '2020-12-03 18:00:00'),
(425, 32, 'belum', '2020-12-03 18:00:00', '2020-12-03 18:00:00'),
(426, 33, 'belum', '2020-12-03 18:00:00', '2020-12-03 18:00:00'),
(427, 34, 'belum', '2020-12-03 18:00:00', '2020-12-03 18:00:00'),
(428, 35, 'belum', '2020-12-03 18:00:00', '2020-12-03 18:00:00'),
(429, 36, 'belum', '2020-12-03 18:00:00', '2020-12-03 18:00:00'),
(430, 37, 'belum', '2020-12-03 18:00:00', '2020-12-03 18:00:00'),
(431, 38, 'belum', '2020-12-03 18:00:00', '2020-12-03 18:00:00'),
(432, 39, 'belum', '2020-12-03 18:00:00', '2020-12-03 18:00:00'),
(433, 40, 'belum', '2020-12-03 18:00:00', '2020-12-03 18:00:00'),
(434, 41, 'belum', '2020-12-03 18:00:00', '2020-12-03 18:00:00'),
(435, 21, 'belum', '2020-12-04 18:00:00', '2020-12-04 18:00:00'),
(436, 22, 'belum', '2020-12-04 18:00:00', '2020-12-04 18:00:00'),
(437, 23, 'belum', '2020-12-04 18:00:00', '2020-12-04 18:00:00'),
(438, 24, 'belum', '2020-12-04 18:00:00', '2020-12-04 18:00:00'),
(439, 25, 'belum', '2020-12-04 18:00:00', '2020-12-04 18:00:00'),
(440, 26, 'belum', '2020-12-04 18:00:00', '2020-12-04 18:00:00'),
(441, 27, 'belum', '2020-12-04 18:00:00', '2020-12-04 18:00:00'),
(442, 28, 'belum', '2020-12-04 18:00:00', '2020-12-04 18:00:00'),
(443, 30, 'belum', '2020-12-04 18:00:00', '2020-12-04 18:00:00'),
(444, 31, 'belum', '2020-12-04 18:00:00', '2020-12-04 18:00:00'),
(445, 32, 'belum', '2020-12-04 18:00:00', '2020-12-04 18:00:00'),
(446, 33, 'belum', '2020-12-04 18:00:00', '2020-12-04 18:00:00'),
(447, 34, 'belum', '2020-12-04 18:00:00', '2020-12-04 18:00:00'),
(448, 35, 'belum', '2020-12-04 18:00:00', '2020-12-04 18:00:00'),
(449, 36, 'belum', '2020-12-04 18:00:00', '2020-12-04 18:00:00'),
(450, 37, 'belum', '2020-12-04 18:00:00', '2020-12-04 18:00:00'),
(451, 38, 'belum', '2020-12-04 18:00:00', '2020-12-04 18:00:00'),
(452, 39, 'belum', '2020-12-04 18:00:00', '2020-12-04 18:00:00'),
(453, 40, 'belum', '2020-12-04 18:00:00', '2020-12-04 18:00:00'),
(454, 41, 'belum', '2020-12-04 18:00:00', '2020-12-04 18:00:00'),
(455, 21, 'belum', '2020-12-05 18:00:00', '2020-12-05 18:00:00'),
(456, 22, 'belum', '2020-12-05 18:00:00', '2020-12-05 18:00:00'),
(457, 23, 'belum', '2020-12-05 18:00:00', '2020-12-05 18:00:00'),
(458, 24, 'belum', '2020-12-05 18:00:00', '2020-12-05 18:00:00'),
(459, 25, 'belum', '2020-12-05 18:00:00', '2020-12-05 18:00:00'),
(460, 26, 'belum', '2020-12-05 18:00:00', '2020-12-05 18:00:00'),
(461, 27, 'belum', '2020-12-05 18:00:00', '2020-12-05 18:00:00'),
(462, 28, 'belum', '2020-12-05 18:00:00', '2020-12-05 18:00:00'),
(463, 30, 'belum', '2020-12-05 18:00:00', '2020-12-05 18:00:00'),
(464, 31, 'belum', '2020-12-05 18:00:00', '2020-12-05 18:00:00'),
(465, 32, 'belum', '2020-12-05 18:00:00', '2020-12-05 18:00:00'),
(466, 33, 'belum', '2020-12-05 18:00:00', '2020-12-05 18:00:00'),
(467, 34, 'belum', '2020-12-05 18:00:00', '2020-12-05 18:00:00'),
(468, 35, 'belum', '2020-12-05 18:00:00', '2020-12-05 18:00:00'),
(469, 36, 'belum', '2020-12-05 18:00:00', '2020-12-05 18:00:00'),
(470, 37, 'belum', '2020-12-05 18:00:00', '2020-12-05 18:00:00'),
(471, 38, 'belum', '2020-12-05 18:00:00', '2020-12-05 18:00:00'),
(472, 39, 'belum', '2020-12-05 18:00:00', '2020-12-05 18:00:00'),
(473, 40, 'belum', '2020-12-05 18:00:00', '2020-12-05 18:00:00'),
(474, 41, 'belum', '2020-12-05 18:00:00', '2020-12-05 18:00:00'),
(475, 21, 'belum', '2020-12-06 18:00:00', '2020-12-06 18:00:00'),
(476, 22, 'belum', '2020-12-06 18:00:00', '2020-12-06 18:00:00'),
(477, 23, 'belum', '2020-12-06 18:00:00', '2020-12-06 18:00:00'),
(478, 24, 'belum', '2020-12-06 18:00:00', '2020-12-06 18:00:00'),
(479, 25, 'belum', '2020-12-06 18:00:00', '2020-12-06 18:00:00'),
(480, 26, 'belum', '2020-12-06 18:00:00', '2020-12-06 18:00:00'),
(481, 27, 'belum', '2020-12-06 18:00:00', '2020-12-06 18:00:00'),
(482, 28, 'belum', '2020-12-06 18:00:00', '2020-12-06 18:00:00'),
(483, 30, 'belum', '2020-12-06 18:00:00', '2020-12-06 18:00:00'),
(484, 31, 'belum', '2020-12-06 18:00:00', '2020-12-06 18:00:00'),
(485, 32, 'belum', '2020-12-06 18:00:00', '2020-12-06 18:00:00'),
(486, 33, 'belum', '2020-12-06 18:00:00', '2020-12-06 18:00:00'),
(487, 34, 'belum', '2020-12-06 18:00:00', '2020-12-06 18:00:00'),
(488, 35, 'belum', '2020-12-06 18:00:00', '2020-12-06 18:00:00'),
(489, 36, 'belum', '2020-12-06 18:00:00', '2020-12-06 18:00:00'),
(490, 37, 'belum', '2020-12-06 18:00:00', '2020-12-06 18:00:00'),
(491, 38, 'belum', '2020-12-06 18:00:00', '2020-12-06 18:00:00'),
(492, 39, 'belum', '2020-12-06 18:00:00', '2020-12-06 18:00:00'),
(493, 40, 'belum', '2020-12-06 18:00:00', '2020-12-06 18:00:00'),
(494, 41, 'belum', '2020-12-06 18:00:00', '2020-12-06 18:00:00'),
(495, 21, 'belum', '2020-12-07 18:00:00', '2020-12-07 18:00:00'),
(496, 22, 'belum', '2020-12-07 18:00:00', '2020-12-07 18:00:00'),
(497, 23, 'belum', '2020-12-07 18:00:00', '2020-12-07 18:00:00'),
(498, 24, 'belum', '2020-12-07 18:00:00', '2020-12-07 18:00:00'),
(499, 25, 'belum', '2020-12-07 18:00:00', '2020-12-07 18:00:00'),
(500, 26, 'belum', '2020-12-07 18:00:00', '2020-12-07 18:00:00'),
(501, 27, 'belum', '2020-12-07 18:00:00', '2020-12-07 18:00:00'),
(502, 28, 'belum', '2020-12-07 18:00:00', '2020-12-07 18:00:00'),
(503, 30, 'belum', '2020-12-07 18:00:00', '2020-12-07 18:00:00'),
(504, 31, 'belum', '2020-12-07 18:00:00', '2020-12-07 18:00:00'),
(505, 32, 'belum', '2020-12-07 18:00:00', '2020-12-07 18:00:00'),
(506, 33, 'belum', '2020-12-07 18:00:00', '2020-12-07 18:00:00'),
(507, 34, 'belum', '2020-12-07 18:00:00', '2020-12-07 18:00:00'),
(508, 35, 'belum', '2020-12-07 18:00:00', '2020-12-07 18:00:00'),
(509, 36, 'belum', '2020-12-07 18:00:00', '2020-12-07 18:00:00'),
(510, 37, 'belum', '2020-12-07 18:00:00', '2020-12-07 18:00:00'),
(511, 38, 'belum', '2020-12-07 18:00:00', '2020-12-07 18:00:00'),
(512, 39, 'belum', '2020-12-07 18:00:00', '2020-12-07 18:00:00'),
(513, 40, 'belum', '2020-12-07 18:00:00', '2020-12-07 18:00:00'),
(514, 41, 'belum', '2020-12-07 18:00:00', '2020-12-07 18:00:00'),
(515, 21, 'belum', '2020-12-08 18:00:00', '2020-12-08 18:00:00'),
(516, 22, 'belum', '2020-12-08 18:00:00', '2020-12-08 18:00:00'),
(517, 23, 'belum', '2020-12-08 18:00:00', '2020-12-08 18:00:00'),
(518, 24, 'belum', '2020-12-08 18:00:00', '2020-12-08 18:00:00'),
(519, 25, 'belum', '2020-12-08 18:00:00', '2020-12-08 18:00:00'),
(520, 26, 'belum', '2020-12-08 18:00:00', '2020-12-08 18:00:00'),
(521, 27, 'belum', '2020-12-08 18:00:00', '2020-12-08 18:00:00'),
(522, 28, 'belum', '2020-12-08 18:00:00', '2020-12-08 18:00:00'),
(523, 30, 'belum', '2020-12-08 18:00:00', '2020-12-08 18:00:00'),
(524, 31, 'belum', '2020-12-08 18:00:00', '2020-12-08 18:00:00'),
(525, 32, 'belum', '2020-12-08 18:00:00', '2020-12-08 18:00:00'),
(526, 33, 'belum', '2020-12-08 18:00:00', '2020-12-08 18:00:00'),
(527, 34, 'belum', '2020-12-08 18:00:00', '2020-12-08 18:00:00'),
(528, 35, 'belum', '2020-12-08 18:00:00', '2020-12-08 18:00:00'),
(529, 36, 'belum', '2020-12-08 18:00:00', '2020-12-08 18:00:00'),
(530, 37, 'belum', '2020-12-08 18:00:00', '2020-12-08 18:00:00'),
(531, 38, 'belum', '2020-12-08 18:00:00', '2020-12-08 18:00:00'),
(532, 39, 'belum', '2020-12-08 18:00:00', '2020-12-08 18:00:00'),
(533, 40, 'belum', '2020-12-08 18:00:00', '2020-12-08 18:00:00'),
(534, 41, 'belum', '2020-12-08 18:00:00', '2020-12-08 18:00:00'),
(535, 21, 'belum', '2020-12-09 18:00:00', '2020-12-09 18:00:00'),
(536, 22, 'belum', '2020-12-09 18:00:00', '2020-12-09 18:00:00'),
(537, 23, 'belum', '2020-12-09 18:00:00', '2020-12-09 18:00:00'),
(538, 24, 'belum', '2020-12-09 18:00:00', '2020-12-09 18:00:00'),
(539, 25, 'belum', '2020-12-09 18:00:00', '2020-12-09 18:00:00'),
(540, 26, 'belum', '2020-12-09 18:00:00', '2020-12-09 18:00:00'),
(541, 27, 'belum', '2020-12-09 18:00:00', '2020-12-09 18:00:00'),
(542, 28, 'belum', '2020-12-09 18:00:00', '2020-12-09 18:00:00'),
(543, 30, 'belum', '2020-12-09 18:00:00', '2020-12-09 18:00:00'),
(544, 31, 'belum', '2020-12-09 18:00:00', '2020-12-09 18:00:00'),
(545, 32, 'belum', '2020-12-09 18:00:00', '2020-12-09 18:00:00'),
(546, 33, 'belum', '2020-12-09 18:00:00', '2020-12-09 18:00:00'),
(547, 34, 'belum', '2020-12-09 18:00:00', '2020-12-09 18:00:00'),
(548, 35, 'belum', '2020-12-09 18:00:00', '2020-12-09 18:00:00'),
(549, 36, 'belum', '2020-12-09 18:00:00', '2020-12-09 18:00:00'),
(550, 37, 'belum', '2020-12-09 18:00:00', '2020-12-09 18:00:00'),
(551, 38, 'belum', '2020-12-09 18:00:00', '2020-12-09 18:00:00'),
(552, 39, 'belum', '2020-12-09 18:00:00', '2020-12-09 18:00:00'),
(553, 40, 'belum', '2020-12-09 18:00:00', '2020-12-09 18:00:00'),
(554, 41, 'belum', '2020-12-09 18:00:00', '2020-12-09 18:00:00'),
(555, 21, 'belum', '2020-12-10 18:00:00', '2020-12-10 18:00:00'),
(556, 22, 'belum', '2020-12-10 18:00:00', '2020-12-10 18:00:00'),
(557, 23, 'belum', '2020-12-10 18:00:00', '2020-12-10 18:00:00'),
(558, 24, 'belum', '2020-12-10 18:00:00', '2020-12-10 18:00:00'),
(559, 25, 'belum', '2020-12-10 18:00:00', '2020-12-10 18:00:00'),
(560, 26, 'belum', '2020-12-10 18:00:00', '2020-12-10 18:00:00'),
(561, 27, 'belum', '2020-12-10 18:00:00', '2020-12-10 18:00:00'),
(562, 28, 'belum', '2020-12-10 18:00:00', '2020-12-10 18:00:00'),
(563, 30, 'belum', '2020-12-10 18:00:00', '2020-12-10 18:00:00'),
(564, 31, 'belum', '2020-12-10 18:00:00', '2020-12-10 18:00:00'),
(565, 32, 'belum', '2020-12-10 18:00:00', '2020-12-10 18:00:00'),
(566, 33, 'belum', '2020-12-10 18:00:00', '2020-12-10 18:00:00'),
(567, 34, 'belum', '2020-12-10 18:00:00', '2020-12-10 18:00:00'),
(568, 35, 'belum', '2020-12-10 18:00:00', '2020-12-10 18:00:00'),
(569, 36, 'belum', '2020-12-10 18:00:00', '2020-12-10 18:00:00'),
(570, 37, 'belum', '2020-12-10 18:00:00', '2020-12-10 18:00:00'),
(571, 38, 'belum', '2020-12-10 18:00:00', '2020-12-10 18:00:00'),
(572, 39, 'belum', '2020-12-10 18:00:00', '2020-12-10 18:00:00'),
(573, 40, 'belum', '2020-12-10 18:00:00', '2020-12-10 18:00:00'),
(574, 41, 'belum', '2020-12-10 18:00:00', '2020-12-10 18:00:00'),
(575, 21, 'belum', '2020-12-11 18:00:00', '2020-12-11 18:00:00'),
(576, 22, 'belum', '2020-12-11 18:00:00', '2020-12-11 18:00:00'),
(577, 23, 'belum', '2020-12-11 18:00:00', '2020-12-11 18:00:00'),
(578, 24, 'belum', '2020-12-11 18:00:00', '2020-12-11 18:00:00'),
(579, 25, 'belum', '2020-12-11 18:00:00', '2020-12-11 18:00:00'),
(580, 26, 'belum', '2020-12-11 18:00:00', '2020-12-11 18:00:00'),
(581, 27, 'belum', '2020-12-11 18:00:00', '2020-12-11 18:00:00'),
(582, 28, 'belum', '2020-12-11 18:00:00', '2020-12-11 18:00:00'),
(583, 30, 'belum', '2020-12-11 18:00:00', '2020-12-11 18:00:00'),
(584, 31, 'belum', '2020-12-11 18:00:00', '2020-12-11 18:00:00'),
(585, 32, 'belum', '2020-12-11 18:00:00', '2020-12-11 18:00:00'),
(586, 33, 'belum', '2020-12-11 18:00:00', '2020-12-11 18:00:00'),
(587, 34, 'belum', '2020-12-11 18:00:00', '2020-12-11 18:00:00'),
(588, 35, 'belum', '2020-12-11 18:00:00', '2020-12-11 18:00:00'),
(589, 36, 'belum', '2020-12-11 18:00:00', '2020-12-11 18:00:00'),
(590, 37, 'belum', '2020-12-11 18:00:00', '2020-12-11 18:00:00'),
(591, 38, 'belum', '2020-12-11 18:00:00', '2020-12-11 18:00:00'),
(592, 39, 'belum', '2020-12-11 18:00:00', '2020-12-11 18:00:00'),
(593, 40, 'belum', '2020-12-11 18:00:00', '2020-12-11 18:00:00'),
(594, 41, 'belum', '2020-12-11 18:00:00', '2020-12-11 18:00:00'),
(595, 21, 'belum', '2020-12-12 18:00:00', '2020-12-12 18:00:00'),
(596, 22, 'belum', '2020-12-12 18:00:00', '2020-12-12 18:00:00'),
(597, 23, 'belum', '2020-12-12 18:00:00', '2020-12-12 18:00:00'),
(598, 24, 'belum', '2020-12-12 18:00:00', '2020-12-12 18:00:00'),
(599, 25, 'belum', '2020-12-12 18:00:00', '2020-12-12 18:00:00'),
(600, 26, 'belum', '2020-12-12 18:00:00', '2020-12-12 18:00:00'),
(601, 27, 'belum', '2020-12-12 18:00:00', '2020-12-12 18:00:00'),
(602, 28, 'belum', '2020-12-12 18:00:00', '2020-12-12 18:00:00'),
(603, 30, 'belum', '2020-12-12 18:00:00', '2020-12-12 18:00:00'),
(604, 31, 'belum', '2020-12-12 18:00:00', '2020-12-12 18:00:00'),
(605, 32, 'belum', '2020-12-12 18:00:00', '2020-12-12 18:00:00'),
(606, 33, 'belum', '2020-12-12 18:00:00', '2020-12-12 18:00:00'),
(607, 34, 'belum', '2020-12-12 18:00:00', '2020-12-12 18:00:00'),
(608, 35, 'belum', '2020-12-12 18:00:00', '2020-12-12 18:00:00'),
(609, 36, 'belum', '2020-12-12 18:00:00', '2020-12-12 18:00:00'),
(610, 37, 'belum', '2020-12-12 18:00:00', '2020-12-12 18:00:00'),
(611, 38, 'belum', '2020-12-12 18:00:00', '2020-12-12 18:00:00'),
(612, 39, 'belum', '2020-12-12 18:00:00', '2020-12-12 18:00:00'),
(613, 40, 'belum', '2020-12-12 18:00:00', '2020-12-12 18:00:00'),
(614, 41, 'belum', '2020-12-12 18:00:00', '2020-12-12 18:00:00'),
(615, 21, 'belum', '2020-12-13 18:00:00', '2020-12-13 18:00:00'),
(616, 22, 'belum', '2020-12-13 18:00:00', '2020-12-13 18:00:00'),
(617, 23, 'belum', '2020-12-13 18:00:00', '2020-12-13 18:00:00'),
(618, 24, 'belum', '2020-12-13 18:00:00', '2020-12-13 18:00:00'),
(619, 25, 'belum', '2020-12-13 18:00:00', '2020-12-13 18:00:00'),
(620, 26, 'belum', '2020-12-13 18:00:00', '2020-12-13 18:00:00'),
(621, 27, 'belum', '2020-12-13 18:00:00', '2020-12-13 18:00:00'),
(622, 28, 'belum', '2020-12-13 18:00:00', '2020-12-13 18:00:00'),
(623, 30, 'belum', '2020-12-13 18:00:00', '2020-12-13 18:00:00'),
(624, 31, 'belum', '2020-12-13 18:00:00', '2020-12-13 18:00:00'),
(625, 32, 'belum', '2020-12-13 18:00:00', '2020-12-13 18:00:00'),
(626, 33, 'belum', '2020-12-13 18:00:00', '2020-12-13 18:00:00'),
(627, 34, 'belum', '2020-12-13 18:00:00', '2020-12-13 18:00:00'),
(628, 35, 'belum', '2020-12-13 18:00:00', '2020-12-13 18:00:00'),
(629, 36, 'belum', '2020-12-13 18:00:00', '2020-12-13 18:00:00'),
(630, 37, 'belum', '2020-12-13 18:00:00', '2020-12-13 18:00:00'),
(631, 38, 'belum', '2020-12-13 18:00:00', '2020-12-13 18:00:00'),
(632, 39, 'belum', '2020-12-13 18:00:00', '2020-12-13 18:00:00'),
(633, 40, 'belum', '2020-12-13 18:00:00', '2020-12-13 18:00:00'),
(634, 41, 'belum', '2020-12-13 18:00:00', '2020-12-13 18:00:00'),
(635, 21, 'belum', '2020-12-14 18:00:00', '2020-12-14 18:00:00'),
(636, 22, 'belum', '2020-12-14 18:00:00', '2020-12-14 18:00:00'),
(637, 23, 'belum', '2020-12-14 18:00:00', '2020-12-14 18:00:00'),
(638, 24, 'belum', '2020-12-14 18:00:00', '2020-12-14 18:00:00'),
(639, 25, 'belum', '2020-12-14 18:00:00', '2020-12-14 18:00:00'),
(640, 26, 'belum', '2020-12-14 18:00:00', '2020-12-14 18:00:00'),
(641, 27, 'belum', '2020-12-14 18:00:00', '2020-12-14 18:00:00'),
(642, 28, 'belum', '2020-12-14 18:00:00', '2020-12-14 18:00:00'),
(643, 30, 'belum', '2020-12-14 18:00:00', '2020-12-14 18:00:00'),
(644, 31, 'belum', '2020-12-14 18:00:00', '2020-12-14 18:00:00'),
(645, 32, 'belum', '2020-12-14 18:00:00', '2020-12-14 18:00:00'),
(646, 33, 'belum', '2020-12-14 18:00:00', '2020-12-14 18:00:00'),
(647, 34, 'belum', '2020-12-14 18:00:00', '2020-12-14 18:00:00'),
(648, 35, 'belum', '2020-12-14 18:00:00', '2020-12-14 18:00:00'),
(649, 36, 'belum', '2020-12-14 18:00:00', '2020-12-14 18:00:00'),
(650, 37, 'belum', '2020-12-14 18:00:00', '2020-12-14 18:00:00'),
(651, 38, 'belum', '2020-12-14 18:00:00', '2020-12-14 18:00:00'),
(652, 39, 'belum', '2020-12-14 18:00:00', '2020-12-14 18:00:00'),
(653, 40, 'belum', '2020-12-14 18:00:00', '2020-12-14 18:00:00'),
(654, 41, 'belum', '2020-12-14 18:00:00', '2020-12-14 18:00:00'),
(655, 21, 'sudah', '2020-12-15 18:00:00', '2020-12-16 16:57:19'),
(656, 22, 'belum', '2020-12-15 18:00:00', '2020-12-15 18:00:00'),
(657, 23, 'belum', '2020-12-15 18:00:00', '2020-12-16 16:56:42'),
(658, 24, 'belum', '2020-12-15 18:00:00', '2020-12-15 18:00:00'),
(659, 25, 'sudah', '2020-12-15 18:00:00', '2020-12-16 16:58:29'),
(660, 26, 'belum', '2020-12-15 18:00:00', '2020-12-15 18:00:00'),
(661, 27, 'belum', '2020-12-15 18:00:00', '2020-12-15 18:00:00'),
(662, 28, 'belum', '2020-12-15 18:00:00', '2020-12-15 18:00:00'),
(663, 30, 'belum', '2020-12-15 18:00:00', '2020-12-15 18:00:00'),
(664, 31, 'belum', '2020-12-15 18:00:00', '2020-12-15 18:00:00'),
(665, 32, 'belum', '2020-12-15 18:00:00', '2020-12-15 18:00:00'),
(666, 33, 'belum', '2020-12-15 18:00:00', '2020-12-15 18:00:00'),
(667, 34, 'belum', '2020-12-15 18:00:00', '2020-12-15 18:00:00'),
(668, 35, 'belum', '2020-12-15 18:00:00', '2020-12-15 18:00:00'),
(669, 36, 'belum', '2020-12-15 18:00:00', '2020-12-15 18:00:00'),
(670, 37, 'belum', '2020-12-15 18:00:00', '2020-12-15 18:00:00'),
(671, 38, 'belum', '2020-12-15 18:00:00', '2020-12-15 18:00:00'),
(672, 39, 'belum', '2020-12-15 18:00:00', '2020-12-15 18:00:00'),
(673, 40, 'belum', '2020-12-15 18:00:00', '2020-12-15 18:00:00'),
(674, 41, 'belum', '2020-12-15 18:00:00', '2020-12-15 18:00:00'),
(675, 21, 'sudah', '2020-12-16 17:01:13', '2020-12-16 17:03:54'),
(676, 22, 'belum', '2020-12-16 17:01:13', '2020-12-16 17:01:13'),
(677, 23, 'sudah', '2020-12-16 17:01:13', '2020-12-16 17:08:03'),
(678, 24, 'belum', '2020-12-16 17:01:13', '2020-12-16 17:01:13'),
(679, 25, 'belum', '2020-12-16 17:01:13', '2020-12-16 17:01:13'),
(680, 26, 'sudah', '2020-12-16 17:01:13', '2020-12-16 17:02:37'),
(681, 27, 'belum', '2020-12-16 17:01:13', '2020-12-16 17:01:13'),
(682, 28, 'belum', '2020-12-16 17:01:13', '2020-12-16 17:01:13'),
(683, 30, 'belum', '2020-12-16 17:01:13', '2020-12-16 17:01:13'),
(684, 31, 'belum', '2020-12-16 17:01:13', '2020-12-16 17:01:13'),
(685, 32, 'sudah', '2020-12-16 17:01:13', '2020-12-16 17:05:35'),
(686, 33, 'belum', '2020-12-16 17:01:13', '2020-12-16 17:01:13'),
(687, 34, 'belum', '2020-12-16 17:01:13', '2020-12-16 17:01:13'),
(688, 35, 'belum', '2020-12-16 17:01:13', '2020-12-16 17:01:13'),
(689, 36, 'belum', '2020-12-16 17:01:13', '2020-12-16 17:01:13'),
(690, 37, 'belum', '2020-12-16 17:01:13', '2020-12-16 17:01:13'),
(691, 38, 'belum', '2020-12-16 17:01:13', '2020-12-16 17:01:13'),
(692, 39, 'sudah', '2020-12-16 17:01:13', '2020-12-16 17:06:51'),
(693, 40, 'belum', '2020-12-16 17:01:13', '2020-12-16 17:01:13'),
(694, 41, 'belum', '2020-12-16 17:01:13', '2020-12-16 17:01:13'),
(696, 21, 'belum', '2020-12-17 17:00:00', '2020-12-17 17:00:00'),
(697, 22, 'belum', '2020-12-17 17:00:00', '2020-12-17 17:00:00'),
(698, 23, 'belum', '2020-12-17 17:00:00', '2020-12-17 17:00:00'),
(699, 24, 'belum', '2020-12-17 17:00:00', '2020-12-17 17:00:00'),
(700, 25, 'belum', '2020-12-17 17:00:00', '2020-12-17 17:00:00'),
(701, 26, 'belum', '2020-12-17 17:00:00', '2020-12-17 17:00:00'),
(702, 27, 'belum', '2020-12-17 17:00:00', '2020-12-17 17:00:00'),
(703, 28, 'belum', '2020-12-17 17:00:00', '2020-12-17 17:00:00'),
(704, 30, 'belum', '2020-12-17 17:00:00', '2020-12-17 17:00:00'),
(705, 31, 'belum', '2020-12-17 17:00:00', '2020-12-17 17:00:00'),
(706, 32, 'belum', '2020-12-17 17:00:00', '2020-12-17 17:00:00'),
(707, 33, 'belum', '2020-12-17 17:00:00', '2020-12-17 17:00:00'),
(708, 34, 'belum', '2020-12-17 17:00:00', '2020-12-17 17:00:00'),
(709, 35, 'belum', '2020-12-17 17:00:00', '2020-12-17 17:00:00'),
(710, 36, 'belum', '2020-12-17 17:00:00', '2020-12-17 17:00:00'),
(711, 37, 'belum', '2020-12-17 17:00:00', '2020-12-17 17:00:00'),
(712, 38, 'belum', '2020-12-17 17:00:00', '2020-12-17 17:00:00'),
(713, 39, 'belum', '2020-12-17 17:00:00', '2020-12-17 17:00:00'),
(714, 40, 'belum', '2020-12-17 17:00:00', '2020-12-17 17:00:00'),
(715, 41, 'belum', '2020-12-17 17:00:00', '2020-12-17 17:00:00'),
(716, 21, 'belum', '2020-12-19 13:01:04', '2020-12-19 13:01:04'),
(717, 22, 'sudah', '2020-12-19 13:01:04', '2020-12-19 13:04:31'),
(718, 23, 'belum', '2020-12-19 13:01:04', '2020-12-19 13:01:04'),
(719, 24, 'belum', '2020-12-19 13:01:04', '2020-12-19 13:01:04'),
(720, 25, 'belum', '2020-12-19 13:01:04', '2020-12-19 13:01:04'),
(721, 26, 'belum', '2020-12-19 13:01:04', '2020-12-19 13:01:04'),
(722, 27, 'sudah', '2020-12-19 13:01:04', '2020-12-19 13:03:16'),
(723, 28, 'belum', '2020-12-19 13:01:04', '2020-12-19 13:01:04'),
(724, 30, 'belum', '2020-12-19 13:01:04', '2020-12-19 13:01:04'),
(725, 31, 'sudah', '2020-12-19 13:01:04', '2020-12-19 14:01:48'),
(726, 32, 'belum', '2020-12-19 13:01:04', '2020-12-19 13:01:04'),
(727, 33, 'belum', '2020-12-19 13:01:04', '2020-12-19 13:01:04'),
(728, 34, 'belum', '2020-12-19 13:01:04', '2020-12-19 13:01:04'),
(729, 35, 'belum', '2020-12-19 13:01:04', '2020-12-19 13:01:04'),
(730, 36, 'belum', '2020-12-19 13:01:04', '2020-12-19 13:01:04'),
(731, 37, 'belum', '2020-12-19 13:01:04', '2020-12-19 13:01:04'),
(732, 38, 'belum', '2020-12-19 13:01:04', '2020-12-19 13:01:04'),
(733, 39, 'belum', '2020-12-19 13:01:04', '2020-12-19 13:01:04'),
(734, 40, 'belum', '2020-12-19 13:01:04', '2020-12-19 13:01:04'),
(735, 41, 'belum', '2020-12-19 13:01:04', '2020-12-19 13:01:04'),
(736, 21, 'belum', '2020-12-19 19:03:12', '2020-12-19 19:03:12'),
(737, 22, 'sudah', '2020-12-19 19:03:12', '2020-12-20 15:25:05'),
(738, 23, 'sudah', '2020-12-19 19:03:12', '2020-12-20 15:25:53'),
(739, 24, 'sudah', '2020-12-19 19:03:12', '2020-12-20 15:23:41'),
(740, 25, 'sudah', '2020-12-19 19:03:12', '2020-12-20 15:23:28'),
(741, 26, 'belum', '2020-12-19 19:03:12', '2020-12-19 19:03:12'),
(742, 27, 'belum', '2020-12-19 19:03:12', '2020-12-19 19:03:12'),
(743, 28, 'belum', '2020-12-19 19:03:12', '2020-12-19 19:03:12'),
(744, 30, 'belum', '2020-12-19 19:03:12', '2020-12-19 19:03:12'),
(745, 31, 'belum', '2020-12-19 19:03:12', '2020-12-19 19:03:12'),
(746, 32, 'belum', '2020-12-19 19:03:12', '2020-12-19 19:03:12'),
(747, 33, 'belum', '2020-12-19 19:03:12', '2020-12-19 19:03:12'),
(748, 34, 'belum', '2020-12-19 19:03:12', '2020-12-19 19:03:12'),
(749, 35, 'belum', '2020-12-19 19:03:12', '2020-12-19 19:03:12'),
(750, 36, 'belum', '2020-12-19 19:03:12', '2020-12-19 19:03:12'),
(751, 37, 'belum', '2020-12-19 19:03:12', '2020-12-19 19:03:12'),
(752, 38, 'belum', '2020-12-19 19:03:12', '2020-12-19 19:03:12'),
(753, 39, 'belum', '2020-12-19 19:03:12', '2020-12-19 19:03:12'),
(754, 40, 'belum', '2020-12-19 19:03:12', '2020-12-19 19:03:12'),
(755, 41, 'belum', '2020-12-19 19:03:12', '2020-12-19 19:03:12');

--
-- Triggers `laporan`
--
DELIMITER $$
CREATE TRIGGER `deleteBukti` BEFORE DELETE ON `laporan` FOR EACH ROW DELETE FROM bukti 
WHERE id_laporan = OLD.id_laporan
$$
DELIMITER ;

-- --------------------------------------------------------

--
-- Table structure for table `pengelola`
--

CREATE TABLE `pengelola` (
  `id_pengelola` int(11) NOT NULL,
  `nama` varchar(50) COLLATE utf8mb4_unicode_ci NOT NULL,
  `email` varchar(100) COLLATE utf8mb4_unicode_ci NOT NULL,
  `password` char(40) COLLATE utf8mb4_unicode_ci NOT NULL
) ENGINE=InnoDB DEFAULT CHARSET=utf8mb4 COLLATE=utf8mb4_unicode_ci;

--
-- Dumping data for table `pengelola`
--

INSERT INTO `pengelola` (`id_pengelola`, `nama`, `email`, `password`) VALUES
(1, 'Budi Salim', 'budimanager@gmail.com', 'e7d537e128158790157ea057bb883e0292a84930');

-- --------------------------------------------------------

--
-- Table structure for table `ruang`
--

CREATE TABLE `ruang` (
  `id_ruang` int(11) NOT NULL,
  `nama_ruang` varchar(30) COLLATE utf8mb4_unicode_ci NOT NULL
) ENGINE=InnoDB DEFAULT CHARSET=utf8mb4 COLLATE=utf8mb4_unicode_ci;

--
-- Dumping data for table `ruang`
--

INSERT INTO `ruang` (`id_ruang`, `nama_ruang`) VALUES
(1, 'R.121'),
(2, 'R.122'),
(3, 'R.123'),
(4, 'R.147'),
(5, 'R.148'),
(6, 'R.149'),
(7, 'R.153'),
(8, 'R.154'),
(18, 'R.158'),
(19, 'R.159'),
(20, 'R.160'),
(21, 'R.161'),
(22, 'R.162'),
(23, 'R.163'),
(24, 'R.164'),
(25, 'R.165'),
(26, 'R.170'),
(27, 'R.171'),
(28, 'R.172'),
(29, 'R.173');

--
-- Triggers `ruang`
--
DELIMITER $$
CREATE TRIGGER `deleteJadwal` BEFORE DELETE ON `ruang` FOR EACH ROW DELETE FROM jadwal 
WHERE id_ruang = OLD.id_ruang
$$
DELIMITER ;
DELIMITER $$
CREATE TRIGGER `insertJadwal` AFTER INSERT ON `ruang` FOR EACH ROW INSERT INTO jadwal
VALUES (NULL, NULL, NEW.id_ruang)
$$
DELIMITER ;

--
-- Indexes for dumped tables
--

--
-- Indexes for table `bukti`
--
ALTER TABLE `bukti`
  ADD PRIMARY KEY (`id_bukti`),
  ADD KEY `id_laporan` (`id_laporan`);

--
-- Indexes for table `cs`
--
ALTER TABLE `cs`
  ADD PRIMARY KEY (`id_cs`);

--
-- Indexes for table `jadwal`
--
ALTER TABLE `jadwal`
  ADD PRIMARY KEY (`id_jadwal`),
  ADD KEY `id_cs` (`id_cs`),
  ADD KEY `id_ruang` (`id_ruang`);

--
-- Indexes for table `laporan`
--
ALTER TABLE `laporan`
  ADD PRIMARY KEY (`id_laporan`),
  ADD KEY `id_jadwal` (`id_jadwal`);

--
-- Indexes for table `pengelola`
--
ALTER TABLE `pengelola`
  ADD PRIMARY KEY (`id_pengelola`);

--
-- Indexes for table `ruang`
--
ALTER TABLE `ruang`
  ADD PRIMARY KEY (`id_ruang`);

--
-- AUTO_INCREMENT for dumped tables
--

--
-- AUTO_INCREMENT for table `bukti`
--
ALTER TABLE `bukti`
  MODIFY `id_bukti` int(11) NOT NULL AUTO_INCREMENT, AUTO_INCREMENT=157804;

--
-- AUTO_INCREMENT for table `cs`
--
ALTER TABLE `cs`
  MODIFY `id_cs` int(11) NOT NULL AUTO_INCREMENT, AUTO_INCREMENT=20;

--
-- AUTO_INCREMENT for table `jadwal`
--
ALTER TABLE `jadwal`
  MODIFY `id_jadwal` int(11) NOT NULL AUTO_INCREMENT, AUTO_INCREMENT=43;

--
-- AUTO_INCREMENT for table `laporan`
--
ALTER TABLE `laporan`
  MODIFY `id_laporan` int(11) NOT NULL AUTO_INCREMENT, AUTO_INCREMENT=756;

--
-- AUTO_INCREMENT for table `pengelola`
--
ALTER TABLE `pengelola`
  MODIFY `id_pengelola` int(11) NOT NULL AUTO_INCREMENT, AUTO_INCREMENT=2;

--
-- AUTO_INCREMENT for table `ruang`
--
ALTER TABLE `ruang`
  MODIFY `id_ruang` int(11) NOT NULL AUTO_INCREMENT, AUTO_INCREMENT=31;

--
-- Constraints for dumped tables
--

--
-- Constraints for table `bukti`
--
ALTER TABLE `bukti`
  ADD CONSTRAINT `bukti_ibfk_1` FOREIGN KEY (`id_laporan`) REFERENCES `laporan` (`id_laporan`);

--
-- Constraints for table `jadwal`
--
ALTER TABLE `jadwal`
  ADD CONSTRAINT `jadwal_ibfk_1` FOREIGN KEY (`id_cs`) REFERENCES `cs` (`id_cs`),
  ADD CONSTRAINT `jadwal_ibfk_2` FOREIGN KEY (`id_ruang`) REFERENCES `ruang` (`id_ruang`);

--
-- Constraints for table `laporan`
--
ALTER TABLE `laporan`
  ADD CONSTRAINT `laporan_ibfk_1` FOREIGN KEY (`id_jadwal`) REFERENCES `jadwal` (`id_jadwal`);
COMMIT;

/*!40101 SET CHARACTER_SET_CLIENT=@OLD_CHARACTER_SET_CLIENT */;
/*!40101 SET CHARACTER_SET_RESULTS=@OLD_CHARACTER_SET_RESULTS */;
/*!40101 SET COLLATION_CONNECTION=@OLD_COLLATION_CONNECTION */;
